RightStart,1.580317
RightEnd,1.632569
LeftStart,1.720259
LeftEnd,1.792573
