LeftStart,0.5700979
LeftEnd,0.630743
RightStart,0.8060646
RightEnd,0.8460178
RightStart,1.854793
RightEnd,1.886542
