RightStart,0.5841703
RightEnd,0.6443243
LeftStart,0.7957926
LeftEnd,0.8592172
