LeftStart,1.041366
LeftEnd,1.221799
RightStart,1.541546
RightEnd,1.750369
LeftStart,2.085672
LeftEnd,2.549411
RightStart,2.685772
RightEnd,3.253747
RightStart,3.510299
RightEnd,3.589777
LeftStart,3.894276
LeftEnd,3.934117
LeftStart,12.76709
LeftEnd,17.58467
