LeftStart,8.325893
LeftEnd,8.581959
RightStart,8.878288
RightEnd,9.285721
LeftStart,14.85481
JumpStart,16.62265
JumpEnd,16.76612
LeftEnd,18.51763
