RightStart,0.7393456
RightEnd,0.8167901
JumpStart,0.8635483
RightStart,0.8961391
JumpEnd,1.295782
RightEnd,1.46346
LeftStart,1.55156
LeftEnd,1.689111
RightStart,2.000261
RightEnd,2.088734
LeftStart,2.327959
LeftEnd,2.416161
RightStart,2.576423
JumpStart,2.655505
JumpEnd,2.999946
RightEnd,4.039572
LeftStart,4.223862
JumpStart,4.480525
JumpEnd,5.271686
LeftEnd,5.687805
RightStart,6.288679
RightEnd,6.415748
LeftStart,6.880789
LeftEnd,7.047814
