LeftStart,0.6673565
LeftEnd,0.9867535
LeftStart,1.090296
LeftEnd,1.243132
RightStart,1.394596
RightEnd,1.714907
LeftStart,1.978292
LeftEnd,2.058777
RightStart,2.163149
RightEnd,2.338478
LeftStart,2.835178
LeftEnd,2.91468
LeftStart,3.306568
LeftEnd,3.394676
LeftStart,4.763704
LeftEnd,4.866415
