RightStart,0.7780738
RightEnd,1.621889
