RightStart,0.2156928
RightEnd,1.30106
LeftStart,2.155615
LeftEnd,2.403987
RightStart,3.188264
RightEnd,3.804813
LeftStart,3.892663
JumpStart,4.180296
JumpEnd,4.435844
LeftEnd,4.755528
RightStart,4.835773
RightEnd,5.300163
