LeftStart,0.8059559
LeftEnd,0.8859196
RightStart,1.07794
RightEnd,1.133957
