RightStart,0.4637775
RightEnd,0.6852913
LeftStart,0.9483089
LeftEnd,0.9963789
LeftStart,2.787807
LeftEnd,3.596581
