RightStart,1.485596
RightEnd,1.797997
LeftStart,1.933571
LeftEnd,2.037476
LeftStart,3.077988
LeftEnd,3.917496
LeftStart,14.46962
LeftEnd,15.30948
