LeftStart,25.59067
JumpStart,26.38261
JumpEnd,26.78212
LeftEnd,26.80639
JumpStart,27.33464
LeftStart,27.34248
JumpEnd,27.75844
LeftEnd,27.76607
LeftStart,28.2464
LeftEnd,28.3103
