LeftStart,0.649971
LeftEnd,0.7024946
RightStart,0.8222771
RightEnd,0.870038
