LeftStart,0.8901386
LeftEnd,0.9597969
RightStart,1.046324
RightEnd,1.126849
