LeftStart,0.8943462
LeftEnd,0.9398355
RightStart,1.091414
RightEnd,1.146267
