LeftStart,3.240753
LeftEnd,3.568939
RightStart,3.913277
RightEnd,4.256294
LeftStart,21.52898
LeftEnd,22.03233
