RightStart,2.938792
RightEnd,3.358646
JumpStart,3.462654
LeftStart,3.582181
JumpEnd,3.686176
LeftEnd,3.782286
