LeftStart,0.2882872
LeftEnd,0.349093
RightStart,0.4530406
RightEnd,0.5163774
