JumpStart,3.144951
JumpEnd,3.792328
