LeftStart,3.246681
LeftEnd,3.583099
RightStart,3.718948
JumpStart,3.894005
JumpEnd,4.054665
RightEnd,4.478432
RightStart,4.614838
RightEnd,4.934723
LeftStart,12.78197
LeftEnd,12.83775
RightStart,14.35871
RightEnd,14.42245
LeftStart,16.75091
LeftEnd,16.80685
RightStart,22.32603
RightEnd,22.39779
