RightStart,3.324799
JumpStart,3.660431
JumpEnd,4.188271
RightEnd,4.213448
RightStart,4.541565
JumpStart,4.884796
JumpEnd,5.397354
RightEnd,5.964622
