RightStart,3.035913
JumpStart,3.127673
RightEnd,3.480104
JumpEnd,3.631905
RightStart,3.968562
JumpStart,4.008548
JumpEnd,4.440675
RightEnd,4.968219
