RightStart,1.485048
RightEnd,1.546003
LeftStart,1.633396
LeftEnd,1.696928
