LeftStart,2.736725
LeftEnd,2.776047
LeftStart,7.656578
LeftEnd,8.088058
