RightStart,0.8289223
RightEnd,0.8840103
LeftStart,0.988266
LeftEnd,1.04475
