LeftStart,7.262249
LeftEnd,7.598583
