RightStart,0.6194916
RightEnd,0.6786842
LeftStart,0.8467703
LeftEnd,0.9028797
RightStart,1.111076
RightEnd,1.159398
RightStart,14.25499
RightEnd,16.83397
