LeftStart,0.649971
LeftEnd,0.7024946
RightStart,0.8222771
RightEnd,0.870038
RightStart,6.698425
JumpStart,7.442177
JumpEnd,7.99453
RightEnd,8.034447
JumpStart,8.755287
LeftStart,8.82708
JumpEnd,9.210609
LeftEnd,9.210609
JumpStart,9.394661
JumpEnd,9.8666
RightStart,10.07551
RightEnd,10.41045
LeftStart,10.95428
RightStart,11.76339
LeftEnd,11.77021
RightEnd,12.21114
LeftStart,12.44317
LeftEnd,13.10677
