RightStart,0.6194916
RightEnd,0.6786842
LeftStart,0.8467703
LeftEnd,0.9028797
RightStart,1.111076
RightEnd,1.159398
RightStart,11.85474
RightEnd,14.32881
