LeftStart,1.397497
LeftEnd,1.442653
RightStart,1.553906
RightEnd,1.601789
