LeftStart,0.224144
LeftEnd,0.4640884
LeftStart,0.7679977
LeftEnd,1.720016
