LeftStart,0.6760778
LeftEnd,0.7207041
RightStart,0.8646698
RightEnd,0.9127254
