LeftStart,14.85491
JumpStart,17.19064
JumpEnd,17.32726
LeftEnd,18.59082
