JumpStart,5.222427
LeftStart,5.422379
LeftEnd,5.654358
JumpEnd,5.669922
RightStart,5.727219
JumpStart,6.093994
JumpEnd,6.358063
JumpStart,6.886215
JumpEnd,7.038986
JumpStart,7.359009
JumpEnd,7.863281
RightEnd,8.743378
LeftStart,8.81485
LeftEnd,9.070282
RightStart,9.254486
RightEnd,9.503265
