RightStart,5.440819
JumpStart,6.257103
JumpEnd,6.352791
RightEnd,8.680626
