RightStart,5.287868
JumpStart,5.672325
JumpEnd,5.967369
JumpStart,6.480755
JumpEnd,6.703377
JumpStart,6.792084
LeftStart,7.096169
RightEnd,7.127975
JumpEnd,7.127975
LeftEnd,7.223541
RightStart,7.479538
JumpStart,7.736099
JumpEnd,8.648155
RightEnd,9.319626
