LeftStart,0.2912636
LeftEnd,0.4115857
RightStart,0.5625008
JumpStart,0.6827061
JumpEnd,1.043518
RightEnd,1.076128
LeftStart,1.315649
LeftEnd,1.506501
LeftStart,1.70681
LeftEnd,1.820409
