LeftStart,0.2912636
LeftEnd,0.4115857
RightStart,0.5625008
JumpStart,0.6827061
LeftStart,0.7098007
JumpStart,1.014748
JumpEnd,1.043518
RightEnd,1.076128
JumpEnd,1.230846
LeftStart,1.315649
LeftEnd,1.506501
LeftStart,1.70681
LeftEnd,1.727268
LeftEnd,1.820409
