JumpStart,0.5506115
JumpEnd,0.6231556
LeftStart,0.728941
JumpStart,0.7501526
JumpEnd,0.8072758
JumpStart,0.918045
JumpEnd,0.9913216
RightStart,1.112693
JumpStart,1.264567
RightEnd,1.288386
JumpEnd,1.40042
LeftEnd,1.751897
LeftStart,2.417144
LeftEnd,2.512645
