RightStart,3.818775
JumpStart,4.530045
JumpEnd,4.945999
RightEnd,5.283051
