RightStart,0.6538115
RightEnd,0.7057238
LeftStart,0.8497105
LeftEnd,0.8981295
RightStart,1.537975
RightEnd,1.578375
