LeftStart,0.8558102
LeftEnd,0.9246278
RightStart,1.139283
RightEnd,1.203169
RightStart,1.740228
RightEnd,1.796094
