LeftStart,8.773903
LeftEnd,9.805679
RightStart,9.966331
RightEnd,10.08683
